customer_id,first_name,last_name,email,country,signup_date,last_purchase_date,total_purchases,total_spend,average_order_value,customer_segment,churn_risk
1,David,Taylor,james59@example.net,UK,2023-03-03,2023-08-08,10,4150.94,127.26,new,0.51
2,Ray,James,wesley12@example.com,CA,2023-09-13,2023-09-28,48,1496.69,99.06,new,0.5
3,Tonya,Hatfield,patelrichard@example.org,IN,2023-10-20,2023-12-17,46,1602.92,37.55,new,0.11
4,Linda,Mitchell,summer25@example.org,US,2023-12-18,2023-12-23,37,2706.0,145.88,new,0.32
5,James,Thomas,amy87@example.com,AU,2023-05-02,2023-05-16,50,2529.18,171.99,loyal,0.8
6,Robert,Wheeler,brandon96@example.org,UK,2023-04-16,2023-12-17,12,3459.71,46.12,active,0.03
7,Susan,Barrett,joannrobbins@example.com,AU,2023-02-14,2023-04-22,15,4046.4,106.37,churned,0.02
8,Andre,Guzman,kleinjennifer@example.org,AU,2023-09-14,2023-11-21,48,543.18,73.19,loyal,0.85
9,Adam,Hayden,jacob56@example.org,AU,2023-01-31,2023-08-10,15,4375.48,91.28,loyal,0.11
10,Kelly,Maldonado,johnsonjulia@example.org,CA,2023-11-23,2023-12-05,29,2214.54,191.64,churned,0.6
11,Carla,Smith,gcrawford@example.net,CA,2023-02-28,2023-07-20,2,3920.67,154.57,churned,0.23
12,William,Brown,katieberry@example.net,UK,2023-10-11,2023-10-14,22,3347.39,190.84,loyal,0.87
13,Michele,Williams,charleneweber@example.net,CA,2023-11-25,2023-12-12,25,3820.8,59.4,new,0.33
14,Cassandra,Allen,lisamorgan@example.org,IN,2023-09-19,2023-10-25,40,435.4,147.62,churned,0.02
15,Robert,Benitez,sarahgonzalez@example.org,UK,2023-06-14,2023-10-23,42,832.54,101.38,churned,0.44
16,Courtney,Johnson,zgarcia@example.org,AU,2023-08-20,2023-10-31,3,1404.54,109.21,loyal,0.42
17,John,Snyder,oward@example.org,US,2023-06-23,2023-09-02,7,4478.35,99.24,new,0.29
18,Jesus,Watson,salasbrittney@example.com,US,2023-12-28,2023-12-28,26,1334.09,43.15,churned,0.54
19,Valerie,Gentry,kristen42@example.net,IN,2023-09-06,2023-11-23,9,3934.57,164.55,new,0.24
20,Brandon,Gonzalez,alyssaatkins@example.org,UK,2023-11-30,2023-12-09,20,4859.58,54.83,new,0.23
21,Melissa,Bryan,zflynn@example.org,US,2023-04-23,2023-10-08,10,3005.96,97.39,active,0.9
22,James,Lucas,wendy18@example.com,IN,2023-07-30,2023-09-21,19,1291.15,67.8,churned,0.96
23,Nicole,Jones,powellcarmen@example.net,AU,2023-07-29,2023-12-02,32,1358.03,76.99,active,0.34
24,Travis,Woods,dustinfigueroa@example.com,US,2023-07-07,2023-07-25,3,405.48,165.79,churned,0.2
25,Joshua,Higgins,hallstephanie@example.com,CA,2023-09-14,2023-11-06,6,2202.9,95.16,loyal,0.43
26,Steven,Edwards,obrienchristopher@example.org,US,2023-01-26,2023-03-04,20,1821.89,131.29,new,0.84
27,Brandon,Morton,wgomez@example.org,UK,2023-08-28,2023-12-18,49,2767.39,103.63,active,0.63
28,Brian,Parks,tylerhall@example.com,US,2023-03-02,2023-03-24,22,1430.7,65.62,new,0.47
29,Michael,Foster,kcarey@example.com,IN,2023-08-23,2023-12-03,35,2303.66,76.1,active,0.04
30,Ryan,Marshall,james63@example.net,IN,2023-03-14,2023-04-21,35,4266.36,29.12,active,0.74
31,Molly,Mcdonald,richardsmith@example.com,CA,2023-01-18,2023-11-22,26,2000.04,23.31,churned,0.64
32,Robin,Hurst,ythompson@example.com,IN,2023-04-24,2023-06-30,15,2034.53,116.96,churned,0.15
33,Ryan,Guerra,karenchen@example.org,UK,2023-08-08,2023-08-21,7,1819.14,101.84,churned,0.34
34,Jacqueline,Moore,taylormegan@example.org,CA,2023-02-19,2023-12-26,12,3047.88,112.93,churned,0.82
35,Dennis,Kirby,lewismatthew@example.net,CA,2023-02-25,2023-09-07,22,3245.57,68.24,loyal,0.7
36,Cameron,Brown,crystalnolan@example.net,UK,2023-01-28,2023-03-01,42,3092.8,182.21,active,0.04
37,Kenneth,Garcia,daniel82@example.org,UK,2023-01-27,2023-02-14,2,1216.97,65.36,churned,0.78
38,Jennifer,Tran,kevin50@example.com,AU,2023-03-29,2023-05-10,21,4945.98,24.64,loyal,0.5
39,Linda,Fuller,allenlee@example.net,CA,2023-08-22,2023-09-19,24,736.14,192.03,churned,0.73
40,Gary,Mclaughlin,morseconnie@example.com,IN,2023-07-03,2023-07-26,41,4968.78,93.82,new,0.24
41,Penny,Smith,kimberly41@example.org,UK,2023-09-19,2023-11-14,48,3046.38,86.42,new,0.07
42,Ellen,Myers,coltonrodriguez@example.net,CA,2023-07-22,2023-12-30,29,1305.01,82.45,active,0.72
43,Donna,Taylor,vclark@example.com,CA,2023-09-20,2023-11-03,48,714.09,147.18,active,0.71
44,Kristopher,Gregory,tom69@example.net,IN,2023-02-25,2023-10-09,39,3942.22,70.14,loyal,0.33
45,Carmen,Glover,pthomas@example.net,CA,2023-01-03,2023-07-09,23,4240.91,46.3,churned,0.95
46,Anna,Kennedy,ryan32@example.net,US,2023-04-22,2023-08-16,17,4093.71,29.47,churned,0.19
47,Meredith,Foster,ashlee79@example.net,US,2023-06-15,2023-11-03,4,4660.22,133.94,active,0.73
48,David,Torres,kylezhang@example.com,UK,2023-01-30,2023-09-30,34,2319.25,46.06,active,0.29
49,Antonio,Morrison,richardclay@example.org,CA,2023-04-15,2023-09-16,11,1120.51,65.21,loyal,0.96
50,Vanessa,Mckee,kevinroberts@example.net,CA,2023-10-10,2023-12-09,41,1427.76,127.42,churned,0.58
51,Penny,Hale,michaelodom@example.org,US,2023-03-09,2023-05-04,35,280.81,189.38,loyal,0.26
52,Wesley,Ortiz,david48@example.com,US,2023-10-03,2023-12-19,50,1474.68,117.31,churned,0.99
53,Ashley,Leon,stephanie24@example.org,IN,2023-06-28,2023-06-29,39,1692.07,101.16,new,0.39
54,Jessica,Martinez,henrysanders@example.net,CA,2023-11-19,2023-11-20,18,674.54,120.04,loyal,0.67
55,Charles,Ray,charles33@example.net,IN,2023-06-02,2023-12-05,21,3130.92,171.87,churned,0.82
56,Thomas,Potter,lgonzalez@example.org,CA,2023-03-12,2023-07-21,29,1891.58,197.51,loyal,0.65
57,Andrea,Scott,josevasquez@example.net,US,2023-05-25,2023-12-24,9,605.7,179.32,active,0.9
58,Kathryn,Smith,estesgeorge@example.com,IN,2023-09-14,2023-12-29,41,2924.9,91.14,new,0.04
59,Tara,Blair,barrerajulia@example.com,CA,2023-06-21,2023-12-12,31,707.43,109.27,active,0.61
60,Victor,Welch,pmitchell@example.com,US,2023-06-21,2023-12-29,27,1017.93,160.56,loyal,0.04
61,Kristin,Turner,ryan09@example.net,US,2023-10-09,2023-11-08,6,3604.46,173.93,churned,0.58
62,Brenda,Fischer,austindaniel@example.com,IN,2023-07-29,2023-10-19,34,538.62,91.4,loyal,0.67
63,Sharon,Booker,wgomez@example.org,UK,2023-12-12,2023-12-14,48,3215.51,74.12,new,0.73
64,James,Sullivan,wilkinsjames@example.com,IN,2023-08-22,2023-10-02,13,2747.9,80.75,loyal,0.38
65,Ryan,Garza,colenicole@example.net,UK,2023-06-13,2023-07-07,8,3513.06,193.24,loyal,0.48
66,Jennifer,Young,scottpamela@example.com,CA,2023-06-18,2023-07-19,13,982.93,52.35,churned,0.84
67,Barbara,French,davidmarquez@example.net,IN,2023-06-03,2023-11-08,42,2012.91,180.79,active,0.02
68,Jeremiah,Garcia,xholland@example.net,CA,2023-08-18,2023-10-26,19,2015.44,152.05,active,1.0
69,Kayla,Lucas,zmitchell@example.net,UK,2023-01-02,2023-08-10,30,4500.2,181.26,churned,0.7
70,James,Bailey,joseph77@example.net,IN,2023-01-20,2023-01-24,9,1387.75,73.37,active,0.57
71,Melissa,Jimenez,grossspencer@example.com,AU,2023-05-31,2023-10-14,39,2581.23,181.11,active,0.34
72,Kelly,Cooper,connormcclure@example.com,IN,2023-08-18,2023-09-24,38,1182.35,151.33,new,0.8
73,Julie,Boone,patricia34@example.org,IN,2023-04-09,2023-09-14,23,1810.3,29.49,active,0.78
74,Michelle,Mathews,aguilarjames@example.com,UK,2023-02-10,2023-06-10,31,4116.29,57.37,new,0.9
75,Curtis,Haas,qwhite@example.org,US,2023-10-29,2023-11-16,28,4595.57,114.75,loyal,0.1
76,Nicholas,Glass,jfowler@example.org,AU,2023-04-05,2023-11-28,6,2843.2,109.73,churned,0.39
77,Tanya,Gregory,seaton@example.com,IN,2023-02-11,2023-11-29,34,2761.63,71.02,active,0.86
78,Mario,Reed,nathan60@example.org,CA,2023-05-03,2023-09-17,49,1624.99,178.85,churned,0.3
79,James,Chandler,james96@example.com,UK,2023-01-04,2023-09-20,16,171.62,177.76,active,0.25
80,Mckenzie,Allen,morgantiffany@example.org,AU,2023-12-10,2023-12-30,9,3205.93,24.22,churned,0.46
81,Hannah,Golden,andersonkristina@example.com,CA,2023-07-29,2023-09-28,9,3345.78,41.22,new,0.65
82,Michael,Johnson,swalker@example.org,IN,2023-04-17,2023-10-01,18,357.11,165.24,active,0.65
83,Erin,Dennis,gwebb@example.net,AU,2023-11-20,2023-12-12,47,1855.66,191.16,churned,0.84
84,Amy,Camacho,jenniferross@example.com,US,2023-08-30,2023-10-03,46,4880.63,123.74,active,0.6
85,Harold,Martinez,vnewman@example.net,AU,2023-12-14,2023-12-28,41,3103.53,172.59,loyal,0.61
86,Ricardo,Payne,joseph58@example.com,IN,2023-03-30,2023-08-18,8,155.52,38.39,churned,0.06
87,Eugene,Martin,qdennis@example.net,UK,2023-12-29,2023-12-30,36,1377.46,182.68,active,0.47
88,Jose,Cox,rothnicholas@example.com,AU,2023-04-09,2023-10-10,16,1965.01,117.26,churned,0.43
89,Brian,Donovan,qperry@example.com,CA,2023-05-21,2023-11-01,35,3183.63,178.68,active,0.86
90,Randall,Wong,amymoyer@example.org,IN,2023-11-01,2023-12-07,43,3077.16,58.46,active,0.92
91,Julie,Bell,morgan97@example.net,UK,2023-03-14,2023-07-16,38,683.55,148.79,churned,0.53
92,Michael,Simmons,jonathan38@example.net,UK,2023-11-20,2023-12-20,9,159.84,163.96,loyal,0.09
93,Donna,Vasquez,michael61@example.net,CA,2023-10-31,2023-12-18,29,3843.88,58.53,active,0.86
94,Keith,Young,sarahcuevas@example.net,IN,2023-10-13,2023-11-13,36,2685.56,20.96,churned,0.16
95,Douglas,Nolan,amybryant@example.com,IN,2023-11-30,2023-12-29,20,282.34,101.55,active,0.15
96,Melinda,White,ischmidt@example.com,US,2023-09-16,2023-10-22,1,3405.25,180.11,loyal,0.13
97,Annette,Torres,jclark@example.org,CA,2023-04-04,2023-09-14,27,4814.75,111.64,loyal,0.37
98,Patrick,Brown,sholt@example.net,CA,2023-02-09,2023-12-18,14,406.09,159.19,loyal,0.18
99,Katherine,Hicks,alexander36@example.org,US,2023-10-12,2023-10-27,14,343.09,20.19,active,0.27
100,Steven,Murillo,jennifer60@example.com,US,2023-02-18,2023-03-08,18,4676.89,94.08,new,0.01
101,Kimberly,Smith,watsonbrian@example.com,US,2023-08-13,2023-10-27,28,4581.2,42.91,loyal,0.06
102,Brittany,Griffin,kim41@example.com,CA,2023-12-21,2023-12-31,42,2627.64,69.56,new,0.69
103,Barbara,Jackson,alyssa52@example.com,IN,2023-05-24,2023-05-24,19,4540.16,48.72,loyal,0.79
104,Jessica,Miller,morrispeter@example.net,IN,2023-10-18,2023-10-29,38,2648.42,23.06,churned,0.58
105,Adam,Scott,jessica99@example.org,US,2023-10-30,2023-11-13,50,704.75,150.96,loyal,0.9
106,Sara,Phillips,robertcunningham@example.com,UK,2023-07-27,2023-08-19,45,3833.86,190.31,churned,0.66
107,Lisa,Burns,xsimmons@example.net,IN,2023-08-01,2023-11-03,4,2640.65,41.24,churned,0.5
108,Alexis,Reynolds,kristen10@example.net,IN,2023-12-06,2023-12-28,40,4138.05,102.8,active,0.65
109,Andrew,Spencer,htodd@example.com,UK,2023-07-31,2023-10-01,49,1516.93,24.98,loyal,0.63
110,Erica,Henson,reginald17@example.org,IN,2023-07-23,2023-10-26,48,4483.27,81.97,active,0.31
111,Jodi,Collins,lthomas@example.org,UK,2023-12-24,2023-12-30,18,4067.74,140.94,churned,0.04
112,Alan,Velasquez,stephenmitchell@example.org,IN,2023-03-23,2023-05-31,36,688.42,55.34,active,0.28
113,Manuel,Lloyd,watkinsemily@example.net,US,2023-07-26,2023-10-20,31,1037.3,146.38,active,0.31
114,Phillip,Martinez,paulahernandez@example.com,CA,2023-01-02,2023-10-12,19,3990.63,30.96,churned,0.17
115,Kristen,Murphy,johnathan29@example.com,US,2023-04-26,2023-09-24,14,4049.61,179.58,active,0.82
116,Connie,Richards,eedwards@example.org,IN,2023-05-23,2023-05-30,18,3192.66,86.34,loyal,0.74
117,Brandon,Christian,ryanriley@example.org,IN,2023-02-19,2023-03-23,3,364.31,154.5,churned,0.41
118,Marcus,Martin,ayates@example.org,UK,2023-05-08,2023-08-30,33,269.54,198.13,new,0.42
119,Stephen,Carr,helenrobertson@example.net,US,2023-03-30,2023-04-24,27,1019.6,91.95,loyal,0.41
120,Jonathan,Blevins,joannesandoval@example.net,CA,2023-04-16,2023-10-01,32,4251.86,198.09,loyal,0.15
121,Lori,Mccoy,dmullins@example.net,CA,2023-10-09,2023-12-18,25,2526.02,174.68,active,0.38
122,Kelly,Torres,torresjessica@example.net,UK,2023-04-29,2023-10-09,26,881.03,45.08,new,0.46
123,Rebecca,Walsh,browningrebecca@example.org,AU,2023-11-07,2023-11-27,37,983.11,53.29,new,0.99
124,Holly,Perez,johnavila@example.net,IN,2023-04-25,2023-06-06,13,2510.72,39.46,active,0.42
125,Ronald,Gordon,steelewilliam@example.org,US,2023-06-03,2023-12-20,24,1615.6,49.92,loyal,0.35
126,Michael,Vaughan,johnrodriguez@example.com,US,2023-06-27,2023-07-17,36,2424.37,193.27,active,0.15
127,April,Anderson,harrisonkimberly@example.net,IN,2023-01-26,2023-09-26,26,4409.52,79.45,churned,0.17
128,Aaron,Jimenez,mitchellbruce@example.org,CA,2023-05-20,2023-08-19,34,2471.22,104.91,new,0.73
129,Kathryn,Hayes,bearddominic@example.net,CA,2023-02-02,2023-05-04,47,3650.99,94.17,loyal,0.36
130,Sandra,Blake,qcook@example.com,UK,2023-06-03,2023-07-26,7,1302.75,45.78,loyal,0.86
131,Michael,Bernard,brownamanda@example.net,IN,2023-01-12,2023-08-24,23,2400.22,123.57,active,0.64
132,James,Patterson,ronald77@example.org,IN,2023-03-15,2023-06-26,12,867.55,117.16,churned,0.46
133,Lisa,Koch,palmermary@example.org,UK,2023-01-08,2023-07-07,34,836.57,50.91,loyal,0.96
134,Elizabeth,Lang,smorrison@example.org,UK,2023-10-12,2023-12-12,49,1216.96,57.84,new,0.9
135,Alison,Ortiz,coreybaird@example.org,IN,2023-03-21,2023-09-07,43,3880.14,195.66,active,0.1
136,Jason,Perez,alisonchen@example.net,IN,2023-07-07,2023-08-02,13,3084.04,176.59,churned,0.12
137,Jackson,Ballard,usavage@example.net,US,2023-08-24,2023-10-27,43,3688.07,24.55,churned,0.21
138,Jamie,Miller,thomaskim@example.org,US,2023-12-21,2023-12-26,31,1036.9,76.88,active,0.28
139,Brian,Martinez,drew98@example.org,CA,2023-06-16,2023-09-29,41,1380.49,84.0,active,0.04
140,Robert,Bond,denisegoodman@example.org,US,2023-12-16,2023-12-22,2,953.26,194.26,churned,0.72
141,Deborah,Chen,dylansmith@example.net,AU,2023-10-04,2023-10-11,26,1930.69,36.28,active,0.36
142,Jennifer,Johnson,ewiley@example.com,IN,2023-02-26,2023-10-12,40,962.23,145.71,loyal,0.37
143,Marco,Phillips,briggskylie@example.com,US,2023-08-06,2023-09-03,14,1424.3,93.18,loyal,0.12
144,Paige,Stone,bonniebray@example.net,AU,2023-11-20,2023-11-21,23,1670.8,31.73,churned,0.34
145,Kimberly,Collins,parkerchris@example.org,IN,2023-08-02,2023-08-30,29,1780.79,23.78,active,0.96
146,Michael,Murphy,nancymorgan@example.com,AU,2023-09-28,2023-10-26,39,4236.17,103.01,churned,0.0
147,Michael,Lee,bendermary@example.org,AU,2023-07-28,2023-11-10,33,3196.01,172.45,active,0.19
148,Emily,Huber,patriciacrawford@example.net,IN,2023-07-20,2023-08-06,40,185.98,163.83,active,0.13
149,Rebecca,Mills,ypatel@example.net,IN,2023-11-26,2023-12-18,32,533.02,166.93,loyal,0.73
150,Beth,Smith,michael98@example.org,CA,2023-05-24,2023-08-12,3,1914.16,172.61,active,0.77
151,Ralph,Howe,edwardsnancy@example.com,IN,2023-12-31,2023-12-31,3,455.37,45.41,loyal,1.0
152,Michael,Rowe,sparksnancy@example.com,CA,2023-10-02,2023-10-06,5,2102.22,185.79,active,0.57
153,Marvin,Glenn,bwilliams@example.net,IN,2023-09-29,2023-12-09,34,3534.77,63.49,active,0.67
154,Robert,Jensen,kristin14@example.com,CA,2023-06-16,2023-12-11,50,600.85,34.23,active,0.39
155,Derek,Figueroa,reesejacob@example.org,CA,2023-02-25,2023-07-03,17,4486.92,68.37,churned,0.32
156,David,Barron,ydawson@example.com,US,2023-06-19,2023-09-25,12,1821.48,123.11,active,0.04
157,Amanda,Flores,imcdonald@example.com,AU,2023-06-26,2023-12-14,14,744.92,134.45,new,0.58
158,Cynthia,Hawkins,timothyward@example.org,IN,2023-03-03,2023-06-12,45,3821.17,120.1,active,0.62
159,Katie,Brown,riggsjames@example.net,UK,2023-02-03,2023-06-11,4,4107.14,124.06,new,0.64
160,Laura,Freeman,jessicacardenas@example.org,AU,2023-07-13,2023-07-14,28,684.34,91.38,new,0.63
161,Mitchell,Jones,christophersuarez@example.com,IN,2023-09-08,2023-09-22,26,1176.54,60.73,new,0.08
162,Maria,Love,marissataylor@example.com,IN,2023-04-27,2023-10-01,46,606.7,100.37,new,0.65
163,Erin,Brown,lisa96@example.net,UK,2023-04-23,2023-05-03,3,820.35,95.93,new,0.54
164,Candice,Valdez,michele75@example.net,IN,2023-05-21,2023-10-29,22,4908.01,159.49,loyal,0.03
165,Jeremy,Abbott,uwilliams@example.com,CA,2023-08-03,2023-12-24,19,4934.03,146.18,churned,0.52
166,Gary,Anderson,nicholasherrera@example.net,CA,2023-06-04,2023-06-19,49,1243.1,71.61,churned,0.45
167,Cynthia,Riddle,melissafisher@example.com,AU,2023-06-29,2023-07-10,30,3914.27,181.05,new,0.5
168,Crystal,Gibson,hesskevin@example.org,AU,2023-11-24,2023-11-26,19,4235.36,138.48,active,0.96
169,Austin,Nicholson,brandismith@example.com,AU,2023-07-28,2023-08-25,14,3208.15,93.4,new,0.77
170,Anthony,Walker,lovegregory@example.org,UK,2023-04-05,2023-04-22,33,3196.73,30.15,active,1.0
171,Karen,Haas,tscott@example.com,US,2023-01-01,2023-04-20,14,468.3,73.35,active,0.25
172,Luis,Vargas,jamesallen@example.org,IN,2023-03-26,2023-06-13,18,620.31,50.17,new,0.54
173,Jacqueline,Robles,frank39@example.org,UK,2023-09-10,2023-11-01,43,4396.53,27.96,active,0.75
174,Joy,Stephens,catherinemarquez@example.com,US,2023-04-30,2023-08-22,49,1744.12,94.56,churned,0.08
175,Christy,Robertson,gparks@example.net,US,2023-08-30,2023-10-31,9,228.29,155.88,new,0.38
176,Patrick,Melendez,heather43@example.net,AU,2023-08-02,2023-12-17,46,2854.5,191.48,active,0.48
177,Jeanette,Jones,bushthomas@example.net,UK,2023-05-22,2023-08-04,18,1322.77,193.69,loyal,0.83
178,James,King,oharris@example.com,CA,2023-12-17,2023-12-20,33,4970.73,64.98,active,0.49
179,Travis,Hill,vnguyen@example.net,AU,2023-10-11,2023-11-09,27,2979.96,125.57,active,0.11
180,Danielle,Sellers,vbarnett@example.net,US,2023-08-18,2023-12-07,22,2991.41,179.52,loyal,0.32
181,Tanya,Jones,ygonzalez@example.com,AU,2023-03-01,2023-05-19,16,3931.69,90.28,churned,0.4
182,Debbie,Hayes,stephaniejones@example.net,US,2023-11-11,2023-12-24,41,3159.97,159.04,loyal,0.98
183,Sheila,Cohen,kochoa@example.org,CA,2023-02-22,2023-11-20,15,1448.86,107.71,loyal,0.57
184,Melissa,Carter,raymond29@example.org,IN,2023-04-12,2023-11-08,7,4016.72,22.42,new,0.47
185,Mark,Hodges,ashleydunn@example.net,UK,2023-04-18,2023-12-21,28,2666.45,103.37,active,0.6
186,Sandra,Lee,lisagarcia@example.org,CA,2023-09-14,2023-10-22,46,1431.97,64.57,active,0.67
187,Erik,Whitaker,cameronfisher@example.org,CA,2023-11-09,2023-11-21,33,4799.54,118.62,loyal,0.18
188,Crystal,Murphy,keithmaldonado@example.com,US,2023-10-20,2023-11-10,37,2610.4,97.57,loyal,0.68
189,Melissa,Mosley,johnrodriguez@example.net,AU,2023-01-08,2023-05-18,13,2669.72,185.35,new,0.16
190,Charles,Harris,johnstonluke@example.com,IN,2023-01-06,2023-08-29,13,4347.35,29.81,loyal,0.2
191,Linda,Guerrero,qgates@example.com,CA,2023-01-15,2023-11-01,41,511.64,179.58,loyal,0.58
192,Julie,Cooley,christinepoole@example.org,UK,2023-03-21,2023-06-05,14,4987.97,50.69,active,0.15
193,Jennifer,Smith,longheidi@example.net,UK,2023-06-23,2023-08-15,5,4227.16,193.61,churned,0.81
194,Stephen,Davis,patricia95@example.org,US,2023-11-15,2023-11-26,15,1556.18,178.73,new,0.13
195,Mariah,Morales,davidrogers@example.com,UK,2023-10-10,2023-11-23,4,1338.22,103.14,churned,0.23
196,Julian,Burns,zwilliams@example.net,CA,2023-05-12,2023-12-07,15,1857.82,82.21,active,0.68
197,Melissa,Stephenson,omar04@example.com,AU,2023-03-25,2023-09-23,23,3942.02,96.06,churned,0.21
198,Mason,Alvarez,rhondacook@example.net,AU,2023-03-11,2023-10-08,3,165.1,34.0,loyal,0.43
199,Shane,Flores,stephaniesmith@example.org,CA,2023-04-01,2023-09-26,42,3159.39,117.01,active,0.31
200,Benjamin,Nguyen,sarah64@example.org,UK,2023-12-19,2023-12-26,31,2650.13,56.21,loyal,0.56
201,Felicia,Zavala,christopherschroeder@example.net,US,2023-01-25,2023-06-06,44,1723.79,39.33,active,0.1
202,Kimberly,Long,kathygarcia@example.org,AU,2023-02-20,2023-03-22,40,1434.82,80.49,new,0.54
203,Carolyn,Moody,marcia94@example.org,CA,2023-04-08,2023-05-29,1,4773.63,63.06,new,0.5
204,Kendra,Nelson,justinfisher@example.org,AU,2023-10-28,2023-11-19,24,3621.7,163.02,active,0.23
205,Amy,Conner,laurawilliams@example.com,IN,2023-04-03,2023-09-25,49,1645.14,171.48,loyal,0.38
206,Sarah,Rice,josephwebb@example.org,US,2023-02-18,2023-12-19,39,2116.35,39.99,churned,0.14
207,Laurie,Ray,andrew06@example.com,US,2023-01-11,2023-10-04,18,1426.97,53.03,loyal,0.69
208,Ronald,Jackson,jennifer08@example.org,AU,2023-01-06,2023-07-03,22,4869.81,196.36,churned,0.69
209,Shawn,Lester,mary30@example.net,US,2023-05-22,2023-10-23,14,1023.36,24.28,new,0.72
210,Brandon,Young,howejennifer@example.net,CA,2023-08-07,2023-10-07,11,1814.16,29.05,churned,0.39
211,Robert,Berger,michaelschneider@example.org,CA,2023-12-11,2023-12-15,3,4527.86,72.1,active,0.9
212,Henry,Brown,kathrynwilliams@example.com,US,2023-01-10,2023-08-11,32,1944.65,34.46,churned,0.97
213,Ryan,Alvarez,john93@example.net,IN,2023-10-05,2023-10-07,15,3457.07,117.61,churned,0.07
214,Tony,Jordan,epeterson@example.com,CA,2023-04-13,2023-06-19,29,3393.28,83.45,new,0.95
215,Leslie,Wagner,jjames@example.com,IN,2023-02-03,2023-09-15,19,3878.23,106.53,active,0.6
216,Ryan,Perry,poolejeremy@example.com,CA,2023-09-23,2023-12-13,24,999.72,102.86,loyal,0.56
217,Barbara,Beck,ktorres@example.net,AU,2023-08-29,2023-11-21,12,1914.74,78.45,new,0.28
218,Jessica,Wilson,drogers@example.net,UK,2023-10-06,2023-12-08,40,1124.9,159.55,loyal,0.25
219,Anne,Riggs,annahowell@example.com,UK,2023-10-01,2023-10-23,23,2885.23,151.83,active,0.26
220,Derrick,Jackson,crojas@example.org,IN,2023-07-08,2023-11-12,28,1932.51,148.78,active,0.91
221,Joshua,Brown,anna42@example.com,US,2023-04-16,2023-08-06,45,107.12,174.42,active,0.91
222,Michael,Costa,egallagher@example.org,AU,2023-01-09,2023-01-28,39,2247.76,30.37,active,0.57
223,Wendy,Reeves,christinamorrow@example.org,IN,2023-11-07,2023-11-21,5,1465.12,131.03,churned,0.8
224,William,Jennings,rharvey@example.net,AU,2023-08-29,2023-10-11,48,3135.89,28.1,loyal,0.5
225,Brian,Henderson,qhays@example.net,UK,2023-10-21,2023-10-21,14,4636.29,60.85,active,0.66
226,Krystal,Jones,katherinesmith@example.net,AU,2023-04-30,2023-08-13,13,4242.3,141.9,churned,0.71
227,Steven,Goodman,johnnyhicks@example.net,CA,2023-08-13,2023-12-26,8,1785.5,42.66,active,0.06
228,Lisa,Ellis,sherry65@example.org,US,2023-02-04,2023-09-25,43,1087.51,191.72,active,0.81
229,Misty,Marks,ldavis@example.com,AU,2023-05-27,2023-12-01,39,4204.15,33.11,new,0.04
230,Kara,Young,rwilliamson@example.org,AU,2023-10-30,2023-11-26,28,2105.97,61.81,active,0.8
231,Gabriel,Todd,kristen74@example.org,IN,2023-01-19,2023-05-09,45,4931.21,54.2,loyal,0.97
232,Amber,Jimenez,sabrinaayers@example.org,UK,2023-08-12,2023-09-05,15,979.02,160.85,active,0.27
233,Joseph,Ramirez,mariomoon@example.com,UK,2023-09-21,2023-10-13,25,4139.19,26.96,active,0.64
234,Amy,Turner,oparsons@example.org,US,2023-08-25,2023-10-29,49,1586.54,169.25,new,0.42
235,Andrea,Hudson,dianegutierrez@example.net,CA,2023-12-30,2023-12-31,43,280.43,195.33,new,0.66
236,David,Gill,hallgregory@example.org,CA,2023-12-30,2023-12-30,2,2902.56,132.22,churned,0.24
237,Nicholas,Parker,phillipswanda@example.com,UK,2023-12-28,2023-12-30,13,2112.9,158.09,churned,0.01
238,Jennifer,Smith,adamwhite@example.net,CA,2023-06-30,2023-12-22,5,2747.36,47.74,new,0.76
239,Mark,Ryan,badams@example.com,US,2023-01-15,2023-04-30,36,1729.6,73.59,active,0.79
240,Susan,Jones,chambersmelissa@example.com,CA,2023-10-03,2023-11-18,41,4444.62,63.14,loyal,0.9
241,Amy,Coleman,katrina96@example.org,IN,2023-07-01,2023-08-01,41,164.19,130.99,active,0.63
242,Tina,Chan,harrisonsusan@example.org,US,2023-05-15,2023-12-27,2,2476.72,143.74,active,0.61
243,David,Smith,acostaryan@example.org,UK,2023-03-04,2023-11-13,45,629.48,180.42,new,0.84
244,Danielle,Paul,dramirez@example.com,AU,2023-03-20,2023-07-12,10,3556.89,191.17,new,0.07
245,Stacy,Arnold,andrea73@example.com,US,2023-05-05,2023-08-05,46,3381.1,182.69,active,0.43
246,Zachary,Coleman,shannon27@example.net,IN,2023-02-13,2023-08-19,43,4788.49,81.67,new,0.09
247,Tara,Matthews,brownharold@example.com,US,2023-10-07,2023-10-12,17,2111.33,148.08,new,0.07
248,Rachel,Watson,ingramjennifer@example.com,UK,2023-06-14,2023-08-27,1,2080.06,130.68,churned,0.68
249,Richard,Long,dunlapaaron@example.org,UK,2023-08-18,2023-09-11,42,3911.72,185.36,churned,0.2
250,Travis,Fields,baileydavid@example.com,US,2023-12-23,2023-12-27,4,1110.51,100.03,loyal,0.97
251,Daniel,Sanchez,paige34@example.net,UK,2023-02-15,2023-09-13,41,3330.4,131.85,churned,0.96
252,Ashley,Roach,stephanie76@example.net,IN,2023-09-22,2023-10-12,41,356.98,63.84,new,0.6
253,Jessica,Hines,beth14@example.net,AU,2023-05-08,2023-10-27,14,2399.49,138.44,new,0.81
254,Todd,Frazier,pinedastephen@example.net,UK,2023-12-28,2023-12-31,33,4991.58,106.67,new,0.96
255,Michael,Thomas,johnsonjanet@example.com,IN,2023-11-09,2023-12-09,48,3107.58,53.75,new,0.76
256,Brandon,Morgan,nicole22@example.net,CA,2023-04-04,2023-05-20,30,824.37,34.8,new,0.15
257,Gary,Pope,qtrujillo@example.net,AU,2023-02-06,2023-07-04,33,2973.13,182.17,active,0.19
258,Joshua,Franklin,dbriggs@example.com,CA,2023-10-27,2023-11-10,35,4264.37,43.26,loyal,0.77
259,Timothy,Frederick,hamptonbrandi@example.org,UK,2023-12-22,2023-12-23,46,1274.99,31.96,loyal,0.52
260,Lauren,Shepherd,vallen@example.org,US,2023-08-17,2023-11-12,4,644.38,53.3,active,0.52
261,Antonio,Weber,nandrews@example.net,CA,2023-04-10,2023-12-26,30,2337.97,161.05,new,0.03
262,Joseph,Ho,nolanmelissa@example.org,US,2023-12-09,2023-12-28,16,3494.36,31.63,new,0.68
263,Chloe,Wilson,greenashley@example.org,IN,2023-10-22,2023-12-22,31,797.8,145.1,loyal,0.22
264,Mary,Brown,autumnpena@example.com,CA,2023-04-16,2023-10-06,25,4173.74,79.89,loyal,0.01
265,Jodi,Kemp,jacksonalexandra@example.net,AU,2023-09-20,2023-10-13,22,2762.21,116.92,loyal,0.19
266,Dale,Walker,laurawilliams@example.com,UK,2023-01-30,2023-09-04,35,4324.47,115.79,new,0.05
267,Grant,Hernandez,qchandler@example.org,CA,2023-03-23,2023-10-14,9,170.02,94.61,active,0.22
268,William,Alvarado,lsmith@example.net,IN,2023-09-13,2023-09-30,10,4363.48,84.9,churned,0.05
269,Daniel,Clark,michaelweaver@example.org,UK,2023-09-27,2023-12-03,18,3590.32,100.47,loyal,0.71
270,Jeff,Evans,mariahlewis@example.net,IN,2023-08-04,2023-12-03,15,1903.96,117.61,new,0.45
271,Wesley,Bender,bellmichael@example.com,AU,2023-02-02,2023-06-19,29,345.1,185.53,loyal,0.45
272,Adam,Johnson,dburke@example.net,AU,2023-06-25,2023-10-25,8,3186.02,28.56,active,0.2
273,Curtis,Davis,mpoole@example.com,AU,2023-04-23,2023-06-21,18,2124.35,110.03,active,0.85
274,Elizabeth,Griffin,abenitez@example.net,IN,2023-10-09,2023-11-14,26,3089.31,190.83,churned,0.93
275,Aaron,Higgins,jwalter@example.org,CA,2023-08-21,2023-09-17,35,1742.51,134.95,new,0.66
276,Daniel,Moore,xwilliams@example.org,UK,2023-04-28,2023-12-19,23,4138.16,197.95,churned,0.98
277,Alexander,Arias,garciaalyssa@example.com,CA,2023-07-19,2023-10-16,18,2284.39,86.24,loyal,0.13
278,Michele,Moore,jamesramirez@example.net,UK,2023-10-19,2023-11-24,33,4902.21,35.69,active,0.83
279,Mark,Gibson,jacqueline12@example.net,IN,2023-04-24,2023-08-12,1,548.78,113.86,new,0.26
280,Amanda,Perry,fporter@example.org,AU,2023-04-18,2023-04-26,37,1156.23,90.76,churned,0.66
281,Nicholas,Johnson,kristinandrews@example.net,UK,2023-07-27,2023-09-22,37,1343.54,191.81,active,0.86
282,Thomas,Hernandez,carpenterchristopher@example.net,UK,2023-05-21,2023-10-22,12,3411.74,193.58,churned,0.69
283,Samantha,Williams,mhutchinson@example.org,IN,2023-09-08,2023-11-15,13,2133.23,85.45,loyal,0.6
284,Tiffany,Parrish,bakermichael@example.org,US,2023-08-07,2023-08-29,1,3271.02,130.05,active,0.28
285,April,Cooper,tmeyer@example.com,IN,2023-09-13,2023-09-24,44,4261.27,112.17,active,0.62
286,Christian,Baker,taylorryan@example.net,UK,2023-02-20,2023-10-15,34,3973.6,87.02,new,0.32
287,William,Stewart,patrick16@example.com,IN,2023-11-05,2023-12-11,32,784.95,167.14,loyal,0.61
288,Lauren,Reyes,peter24@example.net,UK,2023-08-29,2023-10-15,27,339.51,119.0,new,0.3
289,Brenda,Fry,mwilliamson@example.org,US,2023-09-26,2023-12-31,48,895.08,163.29,churned,0.13
290,Jonathan,Roberson,johntaylor@example.com,AU,2023-07-16,2023-11-21,24,411.49,106.35,active,0.78
291,Luis,Ware,joseph61@example.org,AU,2023-05-13,2023-12-01,15,4353.05,180.26,churned,0.65
292,Lisa,Shaw,tyler71@example.org,IN,2023-03-28,2023-08-15,9,3562.44,146.18,new,0.71
293,Amber,Harrison,christopherdickerson@example.org,IN,2023-09-05,2023-10-30,2,2605.88,84.7,loyal,0.76
294,Katelyn,Nicholson,samantha33@example.net,US,2023-04-15,2023-07-26,26,3307.86,125.23,churned,0.68
295,Roger,Bennett,jorgelee@example.com,AU,2023-01-25,2023-04-24,16,1557.36,195.9,active,0.16
296,Tiffany,Davis,zlam@example.net,CA,2023-06-24,2023-11-30,7,3739.03,122.76,active,0.85
297,Maria,Kaiser,john85@example.org,CA,2023-06-12,2023-08-28,15,774.31,134.43,churned,0.03
298,Erica,Brown,caitlin15@example.net,IN,2023-08-26,2023-11-24,1,3128.34,149.0,loyal,0.07
299,Colleen,Ibarra,rosesanford@example.com,CA,2023-11-18,2023-12-22,13,3428.56,67.92,new,0.62
300,Ashley,Wong,arellanostephanie@example.org,CA,2023-09-12,2023-11-07,5,3211.52,33.24,new,0.1
301,Theodore,Harmon,mark18@example.org,US,2023-10-13,2023-10-31,48,4864.86,169.77,churned,0.11
302,Sean,Chavez,melaniegarcia@example.com,CA,2023-02-08,2023-07-29,16,1746.79,88.07,active,0.48
303,Bradley,Hall,jeffreyjones@example.com,US,2023-02-09,2023-07-01,27,562.34,75.01,new,0.51
304,Rachel,Mendoza,mdoyle@example.net,US,2023-01-02,2023-04-13,2,4525.29,131.59,active,0.15
305,Jared,Knight,bbrowning@example.com,US,2023-05-18,2023-12-16,25,537.88,49.37,churned,0.57
306,Shawn,Wood,klinemichael@example.org,CA,2023-12-07,2023-12-08,28,3750.78,57.98,churned,0.34
307,Robert,Smith,robin12@example.com,UK,2023-09-14,2023-09-17,5,4141.05,98.66,new,0.32
308,Natalie,Hurley,scotttimothy@example.org,IN,2023-03-08,2023-04-28,1,2962.62,59.69,loyal,0.69
309,Christopher,Roy,monique89@example.net,AU,2023-05-02,2023-05-06,15,2434.57,25.39,new,0.64
310,Alyssa,Ryan,othompson@example.net,UK,2023-01-01,2023-02-25,46,4944.27,34.23,loyal,0.98
311,Justin,Fowler,wtaylor@example.org,CA,2023-11-29,2023-12-06,6,3011.01,40.57,active,0.74
312,Karen,Foster,fdonaldson@example.com,CA,2023-01-03,2023-11-19,37,2887.85,72.44,active,0.57
313,Jose,Taylor,ldiaz@example.org,IN,2023-12-02,2023-12-03,26,2927.48,79.98,new,0.44
314,Anita,Jones,johnsonmadeline@example.com,AU,2023-10-19,2023-11-23,19,781.62,140.23,loyal,0.09
315,William,Miller,angel78@example.org,CA,2023-08-26,2023-08-30,41,3122.68,56.04,churned,0.33
316,Jennifer,Jones,scottpaul@example.org,IN,2023-05-14,2023-07-09,24,3127.56,176.52,new,0.12
317,Elizabeth,Thomas,jenkinsshawn@example.com,UK,2023-01-04,2023-01-12,9,4029.01,145.37,churned,0.09
318,Brittney,Allen,fernandezangela@example.net,IN,2023-07-28,2023-12-10,36,4363.92,127.65,loyal,0.65
319,William,Spence,josephhaney@example.net,IN,2023-06-07,2023-12-01,49,4512.06,165.89,churned,0.11
320,Teresa,Michael,oshah@example.net,AU,2023-04-16,2023-12-12,6,3968.97,74.99,active,0.91
321,Anthony,Ryan,bwallace@example.org,US,2023-01-15,2023-04-03,41,4038.99,129.36,new,0.57
322,Cindy,Taylor,griffithchristopher@example.com,IN,2023-07-01,2023-07-24,32,1956.07,37.29,loyal,0.79
323,Samuel,Cook,keith81@example.org,UK,2023-09-15,2023-09-30,19,4290.73,25.48,active,0.75
324,Michael,Hutchinson,john38@example.com,UK,2023-02-04,2023-02-12,5,1362.14,67.83,new,0.53
325,Martin,Petersen,ubaxter@example.org,CA,2023-08-16,2023-11-30,30,2569.12,55.75,new,0.66
326,Parker,Garcia,amber23@example.com,US,2023-01-02,2023-05-17,13,4043.12,167.3,churned,0.36
327,Julie,Phillips,stephanie65@example.com,US,2023-12-14,2023-12-16,46,3840.07,58.89,active,0.26
328,Rachel,Ruiz,andrea45@example.net,IN,2023-02-05,2023-08-23,7,2700.46,150.11,active,0.25
329,Lacey,Williams,josebaxter@example.org,US,2023-05-03,2023-12-20,11,3270.83,98.11,loyal,0.96
330,Benjamin,Dorsey,georgejames@example.com,US,2023-06-19,2023-06-25,20,365.29,53.45,new,0.89
331,Rebecca,Roman,uperez@example.com,AU,2023-11-22,2023-12-12,26,2402.37,188.33,churned,0.92
332,Rebecca,Wilkinson,bmiller@example.net,CA,2023-09-19,2023-10-03,26,3876.2,154.83,loyal,0.37
333,Erika,Gutierrez,pamela39@example.org,UK,2023-06-22,2023-09-05,34,1433.57,57.71,active,0.55
334,Anthony,Perez,ismith@example.com,US,2023-12-10,2023-12-28,6,1768.53,132.78,new,0.51
335,Rebecca,Stephens,cheryl57@example.org,CA,2023-09-27,2023-11-07,19,4161.66,156.12,loyal,0.05
336,Cheryl,Jones,jameskelly@example.org,CA,2023-01-11,2023-06-05,40,1076.55,62.01,loyal,0.01
337,David,Robles,jasminechen@example.net,US,2023-07-22,2023-11-02,29,722.58,167.23,churned,0.65
338,Justin,Walker,brianholt@example.org,CA,2023-05-10,2023-05-13,41,4475.43,150.88,new,0.8
339,Melissa,Powell,susanabbott@example.com,IN,2023-11-14,2023-11-19,37,3292.18,187.12,active,0.86
340,Michael,Lee,progers@example.net,UK,2023-01-07,2023-09-19,25,3205.61,31.96,new,0.52
341,Charles,Booth,ericneal@example.org,US,2023-08-04,2023-10-06,9,3696.55,80.05,active,0.65
342,Laura,Armstrong,loriyoder@example.org,AU,2023-10-17,2023-11-14,42,2583.22,66.79,active,0.93
343,Marcus,Small,jonathanadams@example.net,UK,2023-04-09,2023-09-08,11,2158.47,180.78,churned,0.23
344,Christine,Ellis,qconrad@example.net,UK,2023-07-03,2023-07-13,49,2385.85,150.63,loyal,0.52
345,Amanda,Webb,wattsrachel@example.org,IN,2023-09-05,2023-11-19,36,4391.95,31.58,loyal,0.92
346,Jessica,Rodriguez,lorrainestanley@example.com,CA,2023-07-10,2023-10-23,15,3373.46,51.36,active,0.39
347,Lisa,Perez,alexis40@example.com,AU,2023-04-11,2023-04-21,21,1726.35,150.16,active,0.34
348,Kevin,Williams,norrisjoshua@example.com,UK,2023-03-03,2023-03-27,22,2453.05,99.27,new,0.95
349,Andrea,Turner,ggreen@example.net,IN,2023-01-04,2023-02-12,37,2715.72,92.93,new,0.43
350,Jose,House,robin87@example.org,US,2023-07-13,2023-08-22,14,476.58,106.16,loyal,0.95
351,Richard,Smith,zturner@example.net,UK,2023-05-14,2023-10-12,24,2213.65,93.4,active,0.8
352,Robin,Graham,jonesamy@example.net,CA,2023-02-23,2023-12-17,16,3344.63,98.8,loyal,0.15
353,Alexander,Thomas,rayangela@example.com,AU,2023-11-16,2023-11-21,47,2440.15,83.15,loyal,0.65
354,Jeffrey,Carey,eugeneburns@example.com,UK,2023-12-10,2023-12-19,7,1352.53,25.36,new,0.06
355,David,Gregory,beanmaria@example.net,IN,2023-10-14,2023-10-21,20,1751.05,186.61,loyal,0.15
356,Deborah,Trujillo,alexflores@example.org,CA,2023-02-04,2023-12-05,8,3470.69,47.45,loyal,0.36
357,Brian,Brown,allison70@example.net,CA,2023-03-29,2023-07-24,42,2005.76,58.94,active,0.92
358,Melissa,Mitchell,mowen@example.org,CA,2023-07-05,2023-12-18,46,1778.2,189.6,loyal,0.31
359,Ricardo,Higgins,tina18@example.org,CA,2023-12-14,2023-12-16,2,561.13,183.76,new,0.47
360,Donald,Frank,kevin59@example.com,AU,2023-07-22,2023-07-24,30,348.03,151.08,loyal,0.32
361,Joan,Johnson,duane53@example.org,US,2023-10-25,2023-12-03,43,2088.26,177.95,loyal,0.57
362,Ronald,Barton,carterchristopher@example.net,UK,2023-07-24,2023-11-16,33,2478.16,113.1,loyal,0.85
363,John,Gutierrez,leroy24@example.com,AU,2023-06-26,2023-09-02,28,2253.71,111.39,loyal,0.0
364,Marissa,Thornton,rodriguezsteven@example.org,US,2023-11-15,2023-12-08,35,871.57,30.9,active,0.24
365,Gary,Matthews,andersonjay@example.net,US,2023-07-10,2023-10-13,32,2004.69,82.29,active,0.58
366,Jason,Johnson,sullivanbarbara@example.net,IN,2023-11-13,2023-11-23,31,3750.79,161.21,active,0.57
367,Maxwell,Burch,james11@example.com,US,2023-04-15,2023-10-26,41,2115.94,101.55,churned,0.82
368,Yolanda,Lopez,amy46@example.org,IN,2023-11-18,2023-12-19,14,2338.51,102.57,new,0.95
369,Samuel,Hanson,jasminemarsh@example.com,UK,2023-04-22,2023-06-29,33,758.9,106.22,churned,0.06
370,Madison,Allen,mark05@example.com,CA,2023-06-02,2023-08-11,26,713.51,159.61,churned,0.41
371,Jennifer,Clark,derekcooke@example.org,UK,2023-04-25,2023-05-26,38,215.68,170.01,new,0.48
372,Tracey,Grant,tjackson@example.com,US,2023-05-22,2023-09-13,10,3121.43,136.8,churned,0.33
373,Lance,Murray,hancockdanielle@example.org,IN,2023-12-24,2023-12-25,36,292.55,113.88,churned,0.34
374,Michelle,Harris,riveraeric@example.org,CA,2023-04-24,2023-11-09,6,3500.92,70.28,churned,0.9
375,Jenna,White,arielshepherd@example.org,IN,2023-05-07,2023-10-04,9,1934.17,175.85,new,0.8
376,Misty,Moore,uthornton@example.net,IN,2023-09-15,2023-10-04,22,3254.01,172.42,new,0.19
377,Chad,Richardson,michaelbryan@example.org,AU,2023-08-05,2023-11-14,45,4885.75,183.31,active,0.31
378,Andrew,Adams,wsmith@example.com,UK,2023-11-13,2023-12-27,16,1369.34,103.25,active,0.18
379,Tina,Nguyen,sullivancatherine@example.net,IN,2023-06-27,2023-08-03,11,1356.69,131.73,churned,0.75
380,Brenda,Jackson,lbrown@example.org,US,2023-09-07,2023-10-26,14,4356.26,39.83,active,0.67
381,Julia,Miller,tracey01@example.net,US,2023-04-24,2023-04-30,37,4722.83,103.28,churned,0.92
382,Jesus,Carroll,rodriguezmatthew@example.com,CA,2023-01-26,2023-10-13,41,1571.42,21.98,loyal,0.86
383,Matthew,Santiago,ecordova@example.org,UK,2023-09-22,2023-12-26,33,498.58,112.24,active,0.6
384,Rebecca,Collier,robert06@example.org,CA,2023-04-15,2023-05-20,28,134.34,94.21,active,0.71
385,Jennifer,Foley,gibsonjennifer@example.com,CA,2023-10-20,2023-11-07,48,569.77,42.75,active,0.14
386,Kim,Burke,stephenreid@example.net,CA,2023-11-03,2023-11-09,50,3762.13,21.18,new,0.57
387,Jeremy,Martin,rjimenez@example.org,AU,2023-08-22,2023-12-26,40,1003.86,73.75,churned,0.24
388,Kurt,Miller,johnsonroberto@example.net,AU,2023-12-23,2023-12-26,30,711.81,181.54,active,0.22
389,Joyce,Taylor,andrea80@example.org,IN,2023-10-27,2023-12-31,21,2193.07,29.1,new,0.39
390,Karen,Ryan,erikwells@example.net,IN,2023-02-27,2023-03-09,45,590.14,160.33,active,0.92
391,Benjamin,Garcia,jessica79@example.com,US,2023-03-29,2023-10-04,34,2197.86,58.32,loyal,0.46
392,Vernon,Edwards,marcustran@example.net,AU,2023-11-03,2023-12-09,40,2118.81,22.74,active,0.88
393,Duane,Barton,kmyers@example.com,IN,2023-11-21,2023-12-07,49,2667.37,98.84,loyal,0.74
394,Justin,Cortez,ingramchristian@example.org,UK,2023-01-03,2023-08-30,33,775.93,96.66,new,0.2
395,Ashley,Dougherty,eddie31@example.net,CA,2023-12-28,2023-12-31,13,2734.62,87.64,churned,0.33
396,Grant,Simmons,zmurphy@example.com,CA,2023-02-21,2023-11-23,22,1380.12,20.73,new,0.4
397,Rebecca,Fernandez,kimbrady@example.com,CA,2023-05-08,2023-07-21,27,2264.33,167.12,new,0.61
398,Christy,Romero,seanhancock@example.net,IN,2023-11-27,2023-12-01,37,1264.07,175.08,churned,0.71
399,Tammy,Woodard,osmith@example.net,UK,2023-12-10,2023-12-28,17,3835.82,151.33,new,0.77
400,Claudia,Jackson,jamesreese@example.com,CA,2023-03-09,2023-08-07,48,2285.54,134.24,loyal,0.48
401,Tyler,Callahan,dhicks@example.net,AU,2023-02-28,2023-07-31,35,987.38,146.14,loyal,0.52
402,Gerald,Esparza,wrandolph@example.com,UK,2023-04-29,2023-09-17,27,4918.83,140.12,new,0.3
403,Paige,Gregory,austinkirby@example.com,US,2023-12-02,2023-12-31,11,238.83,149.39,loyal,0.65
404,Samantha,Robbins,dominic09@example.com,IN,2023-09-09,2023-10-02,19,3284.67,42.17,new,0.71
405,Jay,Lara,jesse91@example.com,CA,2023-08-30,2023-09-02,27,378.56,154.24,churned,0.53
406,Jeremy,Bishop,stevenarroyo@example.org,IN,2023-02-23,2023-04-30,43,2962.8,33.62,new,0.71
407,Michael,Wilson,diane75@example.net,US,2023-09-22,2023-10-27,37,1150.58,87.46,loyal,0.47
408,Gina,Moore,velazquezanthony@example.org,IN,2023-06-10,2023-12-16,21,3986.42,138.6,churned,0.13
409,Danielle,Wood,laura43@example.org,CA,2023-10-12,2023-12-22,8,2349.59,128.82,churned,0.24
410,Mary,Le,zedwards@example.com,US,2023-05-05,2023-08-20,45,3063.57,197.81,loyal,0.82
411,Shelly,Davis,laurabrown@example.org,AU,2023-07-25,2023-11-14,25,2247.28,105.02,new,0.22
412,Daniel,Mccann,donna55@example.net,AU,2023-03-10,2023-06-18,11,4086.94,128.05,churned,0.04
413,Jason,Stevens,jessica44@example.com,UK,2023-10-11,2023-10-14,13,4371.08,77.12,loyal,0.67
414,Mark,Frey,johnsonmeagan@example.org,CA,2023-08-14,2023-10-24,3,106.18,57.38,loyal,0.87
415,Robert,Kelly,sharpdonna@example.net,US,2023-01-12,2023-11-09,15,2940.48,49.13,churned,0.91
416,Jesse,Chambers,xvega@example.net,US,2023-09-08,2023-10-28,49,2679.56,43.32,churned,0.74
417,Katherine,Chase,whitelaurie@example.org,AU,2023-09-02,2023-12-22,36,943.89,75.28,loyal,0.85
418,James,Snow,stephanie02@example.net,US,2023-01-10,2023-09-09,5,1599.07,52.82,active,0.36
419,James,Greene,cynthiabrown@example.org,US,2023-04-23,2023-11-18,10,3858.43,110.35,churned,0.76
420,Jessica,Fleming,larry07@example.com,AU,2023-06-29,2023-11-27,15,3782.12,112.39,new,0.23
421,Peggy,Stephens,vchristensen@example.com,IN,2023-10-03,2023-10-14,21,1919.19,66.32,churned,0.38
422,Donna,Wade,qbrown@example.com,IN,2023-05-11,2023-11-06,38,2284.72,198.58,new,0.61
423,Sarah,Allen,kjimenez@example.com,US,2023-09-20,2023-10-07,22,2861.22,143.1,new,0.89
424,Anna,Anderson,jared23@example.com,AU,2023-01-31,2023-10-25,40,4470.65,157.83,loyal,0.51
425,Christopher,Brown,sbrady@example.org,IN,2023-12-18,2023-12-25,4,4952.43,33.21,active,0.21
426,John,Green,benjamin38@example.net,UK,2023-10-10,2023-10-15,13,4905.98,95.43,churned,0.1
427,Robert,Lucas,hudsonmichael@example.com,IN,2023-08-11,2023-10-03,22,1466.04,115.92,active,0.94
428,Kara,Pearson,curtis09@example.org,UK,2023-02-23,2023-03-12,46,1056.42,88.24,new,0.86
429,Michael,Parrish,margaretharper@example.com,UK,2023-10-19,2023-11-17,25,2729.11,153.0,active,0.89
430,Veronica,Richards,jamiepalmer@example.net,UK,2023-04-24,2023-11-24,36,1753.81,170.74,new,0.93
431,Jimmy,Myers,carterkelly@example.org,AU,2023-03-01,2023-03-12,18,4488.17,69.86,new,0.1
432,Janice,Richmond,lisa05@example.org,UK,2023-01-15,2023-02-14,36,4448.37,99.66,loyal,0.61
433,Ralph,Bullock,zadams@example.org,IN,2023-12-17,2023-12-23,44,2751.4,157.71,churned,0.84
434,James,Anderson,jamesevans@example.net,AU,2023-06-01,2023-10-12,21,3666.92,42.55,churned,0.7
435,Nicholas,Reynolds,melanie73@example.com,CA,2023-08-18,2023-10-07,5,1255.22,163.83,active,0.41
436,Robert,Alvarado,fbean@example.org,UK,2023-10-11,2023-10-29,40,4730.29,61.68,active,0.76
437,Stephen,Conway,corynewman@example.org,US,2023-04-25,2023-09-14,33,1294.98,31.83,active,0.79
438,Marvin,Henderson,douglas04@example.com,US,2023-09-19,2023-10-09,18,1663.27,183.01,churned,0.83
439,Gary,Porter,troy93@example.org,UK,2023-10-26,2023-11-29,17,2225.78,185.67,loyal,0.76
440,Jonathan,Salas,brandigreene@example.net,UK,2023-07-08,2023-07-20,15,2809.68,41.46,churned,0.26
441,Joseph,Hester,johncabrera@example.com,CA,2023-01-05,2023-06-02,8,2583.35,126.04,churned,0.69
442,Amy,Hancock,gina25@example.com,UK,2023-08-05,2023-11-18,47,2348.86,58.81,active,0.54
443,Sonia,Johnson,jennifer47@example.com,AU,2023-10-06,2023-11-28,15,1798.72,188.31,new,0.76
444,Dominic,Smith,yeaton@example.org,IN,2023-10-12,2023-12-21,30,207.95,75.88,active,0.5
445,Marisa,Skinner,johnreed@example.com,AU,2023-10-05,2023-11-16,38,4375.22,162.49,churned,0.25
446,Jennifer,Johnson,victoriablevins@example.org,AU,2023-06-28,2023-08-15,34,4180.73,190.02,churned,0.27
447,Bradley,Cherry,mcarroll@example.net,CA,2023-05-19,2023-07-29,6,2718.34,35.99,new,0.1
448,Alexis,Moon,victoriarobinson@example.org,US,2023-06-04,2023-10-29,22,3068.73,122.56,churned,0.49
449,Renee,Smith,sharris@example.com,AU,2023-05-21,2023-06-04,14,162.43,129.47,loyal,0.87
450,Gina,Gallagher,vickieprice@example.org,CA,2023-11-30,2023-12-07,12,3132.06,22.53,churned,0.42
451,Allen,Harvey,adam00@example.com,US,2023-08-31,2023-11-30,44,3224.68,45.6,churned,0.59
452,Kylie,Allen,ellismichael@example.net,US,2023-05-23,2023-11-28,50,986.65,154.78,new,0.79
453,Evan,Kennedy,jasonoconnor@example.net,IN,2023-02-22,2023-04-11,16,1719.64,148.96,new,0.9
454,Melissa,Humphrey,kimberly23@example.com,AU,2023-12-03,2023-12-03,7,1263.36,31.83,loyal,0.46
455,Colleen,Smith,jameswallace@example.com,CA,2023-05-29,2023-07-24,39,1714.36,182.79,new,0.65
456,Sharon,Spencer,nmendez@example.net,CA,2023-04-10,2023-12-23,17,4453.4,186.7,active,0.35
457,Sandra,Mata,burcherica@example.com,CA,2023-01-02,2023-12-06,27,4090.49,181.06,churned,0.59
458,Logan,Hernandez,juarezcalvin@example.com,AU,2023-09-27,2023-10-05,8,1167.65,55.84,active,0.95
459,Mary,Henry,samuel26@example.net,CA,2023-10-08,2023-10-31,27,2884.35,43.78,churned,0.87
460,Joshua,Fitzgerald,julie02@example.net,IN,2023-08-11,2023-10-14,48,2058.75,24.61,new,0.59
461,Hayley,Hill,robert52@example.org,UK,2023-07-09,2023-11-29,34,3370.87,177.92,loyal,0.63
462,Victor,Johnson,kbates@example.org,IN,2023-10-28,2023-11-23,16,4765.77,117.67,new,0.9
463,Amy,Bowman,carla41@example.org,UK,2023-04-21,2023-10-08,1,4072.77,77.8,churned,0.92
464,Sean,Owens,christensennicole@example.net,AU,2023-10-19,2023-12-12,1,2203.47,186.35,churned,0.34
465,Kevin,Harris,nunezisaac@example.com,IN,2023-02-09,2023-08-05,20,3156.72,43.38,new,0.05
466,Vicki,Cline,smithkayla@example.com,AU,2023-11-01,2023-11-23,5,3052.76,142.52,new,0.55
467,Nathan,Garcia,russelljackson@example.com,AU,2023-01-18,2023-04-05,10,3450.21,180.53,active,0.76
468,John,Shaffer,shepherdholly@example.org,US,2023-12-03,2023-12-29,27,2529.22,131.44,loyal,0.25
469,Chase,Nielsen,drice@example.com,UK,2023-09-29,2023-12-31,11,373.54,132.79,active,0.59
470,Matthew,Stewart,michelle08@example.org,AU,2023-01-28,2023-05-24,22,2932.24,186.98,loyal,0.11
471,William,Kidd,andrewmiller@example.org,UK,2023-10-14,2023-10-31,40,2004.81,132.79,loyal,0.26
472,Steven,Hicks,parkergeorge@example.org,CA,2023-07-07,2023-09-13,49,3226.19,156.28,active,0.02
473,Christine,Rhodes,karenschneider@example.org,US,2023-03-01,2023-11-22,47,1216.44,102.18,active,0.21
474,Patricia,Weber,vwade@example.com,IN,2023-05-04,2023-10-14,41,2517.19,127.82,new,0.25
475,Evan,Williams,xsmith@example.net,AU,2023-08-03,2023-11-09,41,4117.59,166.28,active,0.17
476,Lisa,Stevens,zacharyschmitt@example.com,UK,2023-06-14,2023-07-10,12,3477.41,72.86,loyal,0.43
477,Sarah,Madden,schmittnicholas@example.org,CA,2023-05-19,2023-06-06,3,4533.44,180.36,new,0.25
478,Anthony,Vasquez,ganderson@example.org,CA,2023-01-18,2023-01-27,46,4246.08,183.85,churned,0.41
479,Kevin,Lee,michaelanderson@example.net,CA,2023-08-15,2023-10-18,38,493.58,62.05,new,0.04
480,Allen,Snyder,kgarcia@example.com,UK,2023-09-02,2023-12-13,19,4074.99,173.03,churned,0.69
481,Marcus,Huffman,judithshaw@example.com,CA,2023-01-23,2023-08-29,43,4527.94,103.42,new,0.54
482,Michael,Williams,nthomas@example.net,CA,2023-02-27,2023-05-17,12,3524.03,183.87,loyal,0.23
483,Anthony,Robertson,yolanda55@example.net,AU,2023-05-31,2023-10-23,15,2466.45,193.22,churned,0.95
484,Natasha,Jackson,mturner@example.org,AU,2023-04-06,2023-06-07,19,2192.75,46.66,active,0.65
485,Shane,Powell,jamessalazar@example.net,CA,2023-10-25,2023-11-30,34,553.27,38.55,churned,0.28
486,Cesar,Cortez,natalie67@example.org,AU,2023-06-26,2023-06-27,50,4294.35,44.84,active,0.6
487,Francisco,James,hoffmantheresa@example.net,UK,2023-03-05,2023-04-04,8,2366.47,163.44,new,0.4
488,Cynthia,Gonzalez,annatrujillo@example.net,IN,2023-07-04,2023-08-05,34,2479.69,50.85,loyal,0.48
489,Kevin,Garcia,ojohnson@example.com,US,2023-01-21,2023-02-18,5,4826.13,163.28,active,0.1
490,John,Reynolds,michaelmatthews@example.net,IN,2023-11-19,2023-11-25,28,4974.84,82.65,new,0.49
491,David,Dawson,crawfordtiffany@example.net,UK,2023-09-26,2023-10-02,31,300.81,109.57,new,0.25
492,Christine,Floyd,wreed@example.org,US,2023-07-25,2023-09-27,4,3959.01,75.87,active,0.99
493,Danielle,Joyce,kimberly09@example.net,US,2023-09-09,2023-09-13,7,188.28,75.55,churned,0.77
494,Jennifer,Hernandez,leejohnny@example.net,IN,2023-04-07,2023-05-27,23,941.35,39.22,active,0.84
495,Jennifer,Yates,perezdebbie@example.org,IN,2023-10-02,2023-12-07,15,3387.64,34.6,loyal,0.07
496,Kelly,Warren,garygomez@example.com,CA,2023-09-01,2023-12-29,18,4646.4,39.58,churned,0.2
497,Paul,Gibson,tabitha08@example.org,IN,2023-06-13,2023-11-16,50,3977.24,55.3,loyal,0.26
498,Benjamin,Harris,mary93@example.org,UK,2023-10-12,2023-10-26,33,1715.06,21.11,loyal,0.77
499,Heather,Bell,whitediana@example.com,US,2023-07-14,2023-12-06,5,2561.74,94.46,active,0.76
500,Holly,Ellis,michael84@example.com,US,2023-10-07,2023-11-10,44,3938.49,160.74,churned,0.19
